{
    "mode": "large_only",
    "processed_count": 600,
    "avg_latency": 84.32544611732165,
    "avg_large_calls": 4.205,
    "avg_small_calls": 0.0,
    "avg_prompt_tokens": 12908.231666666667,
    "avg_completion_tokens": 1957.515,
    "avg_total_tokens": 14865.746666666666,
    "avg_llm_score": 8.52,
    "avg_search_calls": 1.765,
    "avg_code_tokens": 179.625,
    "avg_edge_to_cloud_kb": 3.533046875,
    "avg_cloud_to_edge_kb": 4.191173502604166
}